{"mean": [4.001031293080164, 12.960190683985843, 14.57701584473076, 843.4646326106097, 7.117827689868422, 170.4857951655506, 170.51631056654472], "scale": [2.0010789683900088, 4.897346175752084, 5.1851923477034525, 605.4069773484082, 4.622977305528336, 94.66157180977136, 94.66788506456943], "feature_names": ["DAY_OF_WEEK", "DEP_HOUR", "ARR_HOUR", "DISTANCE", "CARRIER_ENC", "ORIGIN_ENC", "DEST_ENC"]}